{
  "metadata": {
    "created": "2025-12-23T16:51:41.289Z",
    "model": "Xenova/all-MiniLM-L6-v2",
    "embeddingDimension": 384,
    "totalChunks": 1,
    "chunkSize": 500,
    "overlap": 50
  },
  "documents": [
    {
      "id": 0,
      "content": "мой номер телефона основаной 89255500202 мой номер запасной 89229650768",
      "embedding": [
        -0.027196012437343597,
        0.03570101037621498,
        -0.01300093624740839,
        -0.03234746307134628,
        -0.059772882610559464,
        -0.027590258046984673,
        0.04397378861904144,
        0.08253495395183563,
        -0.000026231558877043426,
        -0.014713800512254238,
        -0.00888754054903984,
        0.038311708718538284,
        0.03618450090289116,
        0.019398177042603493,
        -0.06789470463991165,
        -0.07364357262849808,
        -0.08823191374540329,
        -0.08350571990013123,
        0.027952175587415695,
        -0.019398726522922516,
        0.08567515760660172,
        -0.01846567541360855,
        0.04748037829995155,
        -0.0766901895403862,
        -0.017688171938061714,
        0.020784368738532066,
        -0.04586126655340195,
        0.04584101215004921,
        0.05986374616622925,
        0.04735447093844414,
        0.08003120124340057,
        0.10023041069507599,
        0.03855237737298012,
        -0.028699105605483055,
        -0.04123488441109657,
        -0.009843009524047375,
        0.011708193458616734,
        0.021627264097332954,
        0.05250982940196991,
        0.047545384615659714,
        0.007830731570720673,
        -0.054013900458812714,
        0.022174794226884842,
        0.09336201101541519,
        0.03453613817691803,
        0.05114543065428734,
        -0.04244616627693176,
        0.041498810052871704,
        0.028975816443562508,
        0.007321307901293039,
        -0.0820106789469719,
        0.053071003407239914,
        0.025564707815647125,
        0.04392567649483681,
        0.04007653519511223,
        -0.10253839194774628,
        0.02754824422299862,
        -0.0236517284065485,
        -0.056136153638362885,
        0.06334009766578674,
        0.06508398056030273,
        0.010204967111349106,
        -0.0169301088899374,
        -0.04518437013030052,
        0.028793489560484886,
        0.005913326051086187,
        -0.001550781074911356,
        -0.11672303080558777,
        0.002443872159346938,
        0.008132346905767918,
        0.054300688207149506,
        0.06885650008916855,
        0.0022417102009058,
        -0.049677204340696335,
        -0.0002416077913949266,
        -0.01560884527862072,
        -0.01626046560704708,
        -0.010032031685113907,
        -0.012926626019179821,
        -0.0028728267643600702,
        0.051772285252809525,
        -0.08101760596036911,
        -0.051124267280101776,
        -0.033387716859579086,
        0.015361025929450989,
        -0.011461232788860798,
        0.07454707473516464,
        0.04428781941533089,
        -0.02172953076660633,
        0.05144554749131203,
        0.055780794471502304,
        0.015748457983136177,
        0.050202421844005585,
        -0.022638997063040733,
        -0.07069500535726547,
        0.061641816049814224,
        0.011844675056636333,
        -0.014378629624843597,
        0.011838092468678951,
        0.04464630037546158,
        -0.055048618465662,
        -0.010415506549179554,
        0.007749171927571297,
        0.032700564712285995,
        -0.05119827762246132,
        -0.007822209037840366,
        -0.008165476843714714,
        -0.025355389341711998,
        0.00559858838096261,
        -0.019490165635943413,
        -0.01690385304391384,
        -0.05116215720772743,
        -0.013077006675302982,
        -0.04698881506919861,
        0.04426674172282219,
        0.05410897359251976,
        0.00732490886002779,
        0.06389375776052475,
        -0.04203955456614494,
        0.03653842955827713,
        0.0852196142077446,
        -0.02535037323832512,
        -0.07224232703447342,
        0.024234268814325333,
        -0.07972481846809387,
        0.04219740629196167,
        -0.007187903393059969,
        1.0407356049756235e-32,
        -0.050990331918001175,
        0.042922575026750565,
        -0.031155113130807877,
        0.026430970057845116,
        -0.009967791847884655,
        0.02486257255077362,
        -0.05823064595460892,
        0.017234377562999725,
        0.018697690218687057,
        0.08824297785758972,
        -0.09109538793563843,
        0.003287948900833726,
        0.03393331170082092,
        -0.06265156716108322,
        0.02178717963397503,
        -0.020490385591983795,
        0.06938409060239792,
        -0.007748112548142672,
        -0.006532913539558649,
        0.023427724838256836,
        0.06827311217784882,
        0.0024788386654108763,
        0.023784535005688667,
        -0.0036405916325747967,
        0.13456828892230988,
        0.1733839362859726,
        0.020207379013299942,
        -0.05518534407019615,
        0.08596840500831604,
        -0.005977799650281668,
        -0.03613597899675369,
        -0.008048998191952705,
        -0.05709603428840637,
        -0.008121542632579803,
        -0.025251220911741257,
        -0.08159435540437698,
        0.015357988886535168,
        -0.017644276842474937,
        0.0069510010071098804,
        -0.003922027535736561,
        0.02262078784406185,
        0.014892548322677612,
        -0.0010054889135062695,
        -0.011595698073506355,
        0.0827602818608284,
        -0.00929946918040514,
        0.06064943969249725,
        -0.021708302199840546,
        0.10767635703086853,
        0.010734416544437408,
        -0.09551963210105896,
        0.023597734048962593,
        -0.049080658704042435,
        0.06784984469413757,
        0.035594481974840164,
        -0.10262492299079895,
        0.00858018733561039,
        -0.0264746006578207,
        -0.04208838567137718,
        0.012238348834216595,
        0.04247186332941055,
        0.07789227366447449,
        0.017997220158576965,
        -0.0022199430968612432,
        -0.025026530027389526,
        -0.043195996433496475,
        0.025481265038251877,
        -0.03742709383368492,
        0.043090615421533585,
        0.08327876031398773,
        -0.009803171269595623,
        -0.005872894544154406,
        -0.032915275543928146,
        0.04140927270054817,
        -0.05309060215950012,
        -0.03914269804954529,
        -0.0300536397844553,
        -0.029062116518616676,
        -0.02294749766588211,
        0.1302904188632965,
        -0.03339788690209389,
        0.015209526754915714,
        0.04796537384390831,
        -0.02674591727554798,
        0.05925868824124336,
        0.016589082777500153,
        -0.01465205941349268,
        0.03556295484304428,
        -0.02862093783915043,
        0.028554102405905724,
        -0.08257678896188736,
        -0.04563501849770546,
        0.012191994115710258,
        0.03389734774827957,
        -0.03468133881688118,
        -1.094623498626782e-32,
        -0.04579959064722061,
        -0.009114095941185951,
        -0.05552368238568306,
        0.0615893192589283,
        0.006000269204378128,
        -0.00923128891736269,
        -0.020827215164899826,
        0.10726664960384369,
        -0.011361767537891865,
        0.0834004357457161,
        0.08867175877094269,
        -0.09978224337100983,
        0.04630886763334274,
        0.02744765765964985,
        0.022797083482146263,
        -0.052017033100128174,
        0.012980440631508827,
        0.048041462898254395,
        -0.10106982290744781,
        -0.06019085645675659,
        -0.02334524877369404,
        0.07178551703691483,
        -0.034553494304418564,
        0.0145873399451375,
        0.03038117103278637,
        0.03061995655298233,
        0.07790105044841766,
        -0.08319500088691711,
        -0.09906023740768433,
        0.013594093732535839,
        -0.04179256781935692,
